0	0	0	0	0	0	0	0	0	0	0	0	0	0	0	0	2503	15784
0.24	0	240	15.1553	0.00552993	0	0	0	0	0.00199542	0	3.19268	0	-0.000199542	4.78902e-07	-0	2503	15784
0.96	1.2176	480	673.561	0.0111477	-0	-0	-0	0	0.0839408	0	64.9177	0	-0.00839408	-7.92848e-06	-0	2502	15785
2.16	0	720	240.21	0.0168534	0	0	0	0	0.0722343	0	-38.3121	0	-0.00722343	-8.57233e-05	0	2502	15785
3.84	0	960	12.7611	0.0226469	0	0	0	0	-0.0288671	0	-37.2479	0	0.00288671	-0.000117969	0	2501	15786
6	0	1200	0.790085	0.0285283	0	0	0	0	-0.0895279	0	-29.7983	0	0.0089528	-8.25307e-05	0	2500	15787
8.64	2.43521	1440	48.6741	0.0344975	0	0	0	0	-0.145932	0	-29.7983	0	0.0145932	-2.66052e-07	0	2498	15788
11.76	2.43521	1680	86.9813	0.0405546	0	0	0	0	-0.193822	0	-19.1561	0	0.0193822	0.000127973	0	2495	15788
15.36	1.2176	1920	55.8567	0.0466996	0	0	0	0	-0.176794	0	23.413	0	0.0176794	0.000285585	-0	2493	15789
19.44	0	2160	-528.328	0.0529325	0	0	0	0	-0.0671792	0	67.0462	0	0.00671792	0.000409993	-0	2490	15788
24	1.2176	2400	-274.543	0.0592532	0	0	0	0	0.0371149	0	52.147	0	-0.00371149	0.000442877	-0	2487	15789
29.04	2.43521	2640	-169.198	0.0656617	0	0	0	0	0.0786196	0	8.5138	0	-0.00786196	0.000399989	-0	2485	15790
34.56	1.2176	2880	7.97269	0.0721582	0	0	0	0	0.0541425	0	-15.9634	0	-0.00541425	0.000340499	0	2483	15790
40.56	1.2176	3120	264.152	0.0787425	0	0	0	0	0.0349864	0	-3.19267	0	-0.00349864	0.00030357	0	2482	15791
47.04	1.2176	3360	218.662	0.0854146	0	0	0	0	0.0296653	0	-7.44958	0	-0.00296653	0.00027473	0	2480	15791
54	0	3600	230.633	0.0921746	0	0	0	0	0.009445	0	-9.57803	0	-0.0009445	0.000255254	0	2479	15792
61.44	1.2176	3840	312.036	0.0990225	0	0	0	0	0.00838077	0	2.12845	0	-0.000838077	0.000248975	-0	2478	15794
69.36	2.43497	4080	335.978	0.105958	0	0	0	0	0.0413718	0	22.3487	0	-0.00413718	0.000238014	-0	2476	15796
73.5	2.43521	4200	570.61	0.109459	0	0	0	0	0.109482	0	68.1104	0	-0.0109482	0.000221465	-0	2475	15797
82.14	7.30562	4440	3125.22	0.116527	0	0	0	0	-0.106556	0	-273.506	0	0.0106556	0.000110892	0	2469	15802
91.2599	8.52323	4680	4487.52	0.123682	0	0	0	0	-0.725935	0	-240.515	0	0.0725935	0.000347682	0	2461	15807
100.86	13.3936	4920	771.723	0.130925	0	0	0	0	-0.405603	0	242.643	0	0.0405603	0.000897355	-0	2449	15815
110.94	15.8286	5160	1183.53	0.138256	0	0	0	0	-0.230006	0	42.5691	0	0.0230006	0.00116863	-0	2434	15826
121.5	20.6993	5400	2912.14	0.145675	0	0	0	0	-0.32685	0	-53.2113	0	0.032685	0.00137008	0	2415	15839
132.54	24.3518	5640	1719.83	0.153182	0	0	0	0	-0.377933	0	-3.19272	0	0.0377933	0.00165072	0	2394	15856
144.06	29.2224	5880	3551.39	0.160777	0	0	0	0	-0.288538	0	63.8535	0	0.0288538	0.00194285	-0	2368	15875
156	32.8752	6000	2969.6	0.165706	0	0	0	0	-0.260868	0	-9.57799	0	0.0260868	0.00215878	0	2339	15898
168	38.9632	6000	3283.24	0.167902	0	0	0	0	-0.377933	0	-53.2113	0	0.0377933	0.00239302	0	2304	15925
180	46.2688	6000	2347.11	0.170099	0	0	0	0	-0.366226	0	14.8991	0	0.0366227	0.00269664	-0	2263	15958
192	53.5744	6000	1992.77	0.172295	0	0	0	0	-0.400282	0	-20.2203	0	0.0400282	0.00299516	0	2217	15996
204	60.8798	6000	3003.12	0.174492	0	0	0	0	-0.331107	0	45.7616	0	0.0331107	0.00330602	-0	2166	16040
216	65.7504	6000	3094.1	0.176689	0	0	0	0	-0.274703	0	10.6422	0	0.0274703	0.0035526	-0	2109	16090
228	71.8382	6000	3003.12	0.178885	0	0	0	0	-0.472649	0	-135.157	0	0.0472649	0.00379748	0	2047	16144
240	79.1438	6000	4061.36	0.181082	0	0	0	0	-0.413052	0	98.9729	0	0.0413052	0.00419135	-0	1979	16205
252	87.667	6000	3216.2	0.183278	0	0	0	0	-0.275767	0	32.991	0	0.0275767	0.00448007	-0	1904	16271
264	96.1902	6000	2742.15	0.185475	0	0	0	0	-0.483291	0	-144.735	0	0.0483291	0.0047258	0	1822	16343
276	104.713	6000	2900.17	0.187672	0	0	0	0	-0.578007	0	-10.6423	0	0.0578007	0.00514606	0	1734	38
288	113.237	6000	3223.39	0.189868	0	0	0	0	-0.550337	0	-11.7065	0	0.0550337	0.00559272	0	1637	123
300	118.107	6000	3182.68	0.192065	0	0	0	0	-0.653567	0	-55.3397	0	0.0653567	0.00605214	0	1535	213
312	126.63	6000	2205.85	0.194261	0	0	0	0	-0.681237	0	22.3487	0	0.0681237	0.006595	-0	1427	309
324	132.718	6000	3934.46	0.196458	0	0	0	0	-0.287474	0	202.203	0	0.0287474	0.00706337	-0	1314	412
336	141.241	6000	3783.63	0.198655	0	0	0	0	-0.232134	0	-41.5048	0	0.0232134	0.00725461	0	1193	521
348	147.329	6000	2184.3	0.200851	0	0	0	0	-0.484356	0	-106.422	0	0.0484356	0.00749864	0	1068	635
360	155.852	6000	3053.4	0.203048	0	0	0	0	-0.547145	0	-58.5324	0	0.0547145	0.00788782	0	935	754
378	164.376	6000	3438.86	0.206343	0	0	0	0	-0.60887	0	-8.51375	0	0.060887	0.00858569	0	724	944
390	174.116	6000	2696.66	0.208539	0	0	0	0	-0.524796	0	69.1746	0	0.0524796	0.00906683	-0	577	1080
402	181.422	6000	3678.28	0.210736	0	0	0	0	-0.451365	0	7.44957	0	0.0451365	0.00946027	-0	424	1220
414	185.075	6000	2864.26	0.212932	0	0	0	0	-0.775953	0	-254.35	0	0.0775953	0.00984946	0	266	1362
426	189.945	6000	4760.46	0.215129	0	0	0	0	-0.789788	0	77.6884	0	0.0789788	0.0105068	-0	102	1510
438	198.468	6000	2806.79	0.217326	0	0	0	0	-0.602484	0	43.6332	0	0.0602484	0.0110812	-0	16317	1662
450	206.992	6000	2383.02	0.219522	0	0	0	0	-0.335364	0	159.634	0	0.0335364	0.0115202	-0	16143	1821
462	214.297	6000	3513.08	0.221719	0	0	0	0	-0.392832	0	-75.56	0	0.0392832	0.0117812	0	15958	1984
474	221.603	6000	3695.04	0.223915	0	0	0	0	-0.556723	0	-75.56	0	0.0556723	0.0121308	0	15766	2152
486	226.473	6000	3173.11	0.226112	0	0	0	0	-0.580136	0	-13.8349	0	0.0580136	0.01258	0	15569	2322
498	230.126	6000	2090.93	0.228309	0	0	0	0	-0.651439	0	-12.7707	0	0.0651439	0.0130676	0	15369	2498
510	234.996	6000	4128.39	0.230505	0	0	0	0	-0.557787	0	14.8991	0	0.0557787	0.0135572	-0	15163	2677
522	241.084	6000	2399.78	0.232702	0	0	0	0	-0.619512	0	17.0276	0	0.0619512	0.0140349	-0	14953	2863
534	249.607	6000	2287.25	0.234898	0	0	0	0	-0.465199	0	53.2113	0	0.0465199	0.0144901	-0	14738	3054
546	255.696	6000	3678.28	0.237095	0	0	0	0	-0.386447	0	41.5048	0	0.0386447	0.0148474	-0	14516	3250
558	263.001	6000	4154.73	0.239292	0	0	0	0	-0.316208	0	31.9267	0	0.0316208	0.0151412	-0	14290	3456
570	267.871	6000	4983.12	0.241488	0	0	0	0	-0.298116	0	29.7983	0	0.0298116	0.0153989	-0	14058	3665
582	275.177	6000	3515.48	0.243685	0	0	0	0	-0.274703	0	-12.7707	0	0.0274703	0.0156229	0	13822	3879
594	281.265	6000	3797.99	0.245881	0	0	0	0	-0.455621	0	-100.037	0	0.0455621	0.015875	0	13582	4098
606	283.7	6000	2136.42	0.248078	0	0	0	0	-0.58865	0	-94.716	0	0.058865	0.0162548	0	13337	4321
618	298.311	6000	2766.09	0.250275	0	0	0	0	-0.416245	0	101.101	0	0.0416245	0.0166972	-0	13086	4554
630.001	306.835	6000	4346.27	0.252471	0	0	0	0	-0.420502	0	19.1561	0	0.0420502	0.0170396	-0	12827	4796
642.001	311.705	6000	2876.23	0.254668	0	0	0	0	-0.291731	0	69.1746	0	0.0291731	0.0173521	-0	12566	5044
654.001	317.793	6000	5023.83	0.256864	0	0	0	0	-0.355584	0	-62.7893	0	0.0355584	0.0175859	0	12299	5296
666.001	323.881	6000	2833.13	0.259061	0	0	0	0	-0.317272	0	-2.12842	0	0.0317272	0.0178542	0	12027	5552
678.001	333.622	6000	5653.5	0.261258	0	0	0	0	-0.520539	0	-108.551	0	0.0520539	0.0181459	0	11748	5814
690.001	334.839	6000	3673.5	0.263454	0	0	0	0	-0.384318	0	148.992	0	0.0384318	0.0185675	-0	11467	6079
702.001	340.927	6000	1925.73	0.265651	0	0	0	0	-0.158703	0	117.065	0	0.0158703	0.0188315	-0	11184	6353
714.001	347.016	6000	5031.01	0.267847	0	0	0	0	-0.119326	0	-41.5048	0	0.0119326	0.0189261	0	10895	6631
726.001	353.103	6000	2902.56	0.270044	0	0	0	0	-0.2034	0	-69.1746	0	0.02034	0.0190275	0	10600	6914
738.001	361.627	6000	4549.77	0.272241	0	0	0	0	-0.292795	0	-14.8991	0	0.0292795	0.0192201	0	10300	7204
750.001	370.149	5999.99	5663.08	0.274437	0	0	0	0	-0.500319	0	-174.533	0	0.0500319	0.0194675	0	9992	7501
761.761	376.237	5759.98	4161.91	0.271104	0	0	0	0	-0.742962	0	-51.0828	0	0.0742962	0.0199444	0	9681	7803
773.041	384.761	5519.98	3103.68	0.267682	0	0	0	0	-0.468392	0	177.726	0	0.0468392	0.0205	-0	9366	8115
783.841	399.373	5279.98	2385.42	0.264173	0	0	0	0	-0.448172	0	-8.51381	0	0.0448172	0.0208632	0	9045	8443
794.161	410.331	5039.98	3335.91	0.260576	0	0	0	0	-0.333236	0	37.2479	0	0.0333236	0.0211907	-0	8720	8788
804.001	422.506	4799.98	956.077	0.256892	0	0	0	0	-0.277896	0	43.6332	0	0.0277896	0.0214526	-0	8384	9140
813.361	434.682	4559.98	4509.07	0.253119	0	0	0	0	-0.165088	0	51.0828	0	0.0165088	0.0216502	-0	8038	9504
822.241	446.858	4319.98	5880.95	0.249258	0	0	-0	0	-0.265125	0	-21.2845	0	0.0265125	0.0218138	0	7681	9877
830.641	449.293	4079.98	5629.56	0.24531	0	0	-0	0	0.0871334	0	174.533	0	-0.00871334	0.0219548	-0	7320	10250
838.561	449.293	3839.98	3505.9	0.241274	0	0	0	0	-0.10762	0	-123.45	0	0.010762	0.0219136	0	6955	10625
846.001	456.598	3599.98	1521.11	0.23715	0	0	0	0	-0.521603	0	-253.286	0	0.0521603	0.022064	0	6583	10999
852.961	466.339	3359.98	3209.02	0.232938	0	0	0	0	-0.415181	0	186.239	0	0.0415181	0.0225132	-0	6203	11380
859.441	478.516	3119.98	549.062	0.228638	0	0	0	0	-0.261932	0	18.0918	0	0.0261932	0.0227913	-0	5810	11767
865.44	488.256	2879.98	4509.07	0.22425	0	0	-0	0	-0.52586	0	-183.047	0	0.052586	0.0230332	0	5405	12161
870.96	495.563	2639.98	4635.96	0.219774	0	0	-0	0	-0.628026	0	65.9819	0	0.0628026	0.0235211	-0	5000	12564
876	501.651	2399.98	1401.4	0.215211	0	0	0	0	-0.369419	0	6.38539	0	0.0369419	0.0239227	-0	4590	12969
880.56	506.521	2159.98	987.201	0.21056	0	0	0	0	-0.517347	0	3.19272	0	0.0517347	0.0242786	-0	4180	13381
884.64	513.826	1919.98	4482.74	0.205821	0	0	-0	0	-0.274703	0	70.2389	0	0.0274703	0.0246236	-0	3759	13797
888.24	512.609	1679.98	1676.73	0.200993	0	0	0	0	-0.137418	0	114.936	0	0.0137418	0.0248344	-0	3340	14215
891.36	521.131	1439.98	-185.958	0.196079	0	0	0	0	0.0158303	0	85.138	0	-0.00158303	0.0249171	-0	2916	14641
894	523.567	1199.98	2071.77	0.191076	0	0	-0	0	-0.085271	0	-155.377	0	0.0085271	0.0248827	0	2487	15067
896.16	523.567	959.975	-39.9113	0.185985	0	0	0	0	-0.531181	0	-245.836	0	0.0531181	0.0250309	0	2056	15494
897.84	526.003	719.975	2177.12	0.180807	0	0	-0	0	-0.981349	0	-225.616	0	0.0981349	0.0255457	0	1621	15924
899.04	528.437	479.974	1267.32	0.17554	0	0	-0	0	-0.603549	0	338.424	0	0.0603549	0.026315	-0	1184	16354
899.76	534.527	239.974	1633.64	0.170186	0	0	-0	0	-0.274703	0	137.285	0	0.0274703	0.0267213	-0	746	406
900	528.437	0	-980.833	0.164745	0	0	0	0	-0.00226148	0	28.7341	0	0.000226148	0.0268435	-0	309	840
900	528.437	0	-1021.53	0.164745	0	0	0	0	-0.137418	0	-63.8535	0	0.0137418	0.0268739	0	16252	1273
900	532.089	0	-102.161	0.164745	0	0	0	0	-0.715292	0	-440.589	0	0.0715292	0.0270387	0	15809	1699
900	526.001	0	-739.018	0.164745	0	0	0	0	-0.735513	0	121.322	0	0.0735513	0.0276676	-0	15369	2121
900	516.262	0	-920.978	0.164745	0	0	0	0	-0.738705	0	-27.6698	0	0.0738705	0.0282462	0	14932	2536
900	513.826	0	177.961	0.164745	0	0	-0	0	-0.647182	0	78.7526	0	0.0647182	0.028832	-0	14496	2949
900	505.302	0	2885.8	0.164745	0	0	-0	0	-0.275767	0	163.891	0	0.0275767	0.0292668	-0	14065	3357
900	507.738	0	-1294.47	0.164745	0	0	0	0	-0.102299	0	44.6975	0	0.0102299	0.0294359	-0	13634	3762
900	500.433	0	-1363.9	0.164745	0	0	0	0	-0.226813	0	-53.2113	0	0.0226813	0.0295462	0	13212	4161
900	496.78	0	-1067.02	0.164745	0	0	0	0	-0.193822	0	19.1561	0	0.0193822	0.0297222	-0	12793	4560
900	489.471	0	-899.43	0.164745	0	0	0	0	-0.167216	0	25.5414	0	0.0167216	0.0298768	-0	12380	4952
900	488.256	0	1087.76	0.164745	0	0	-0	0	0.000931197	0	101.101	0	-9.31197e-05	0.0299837	-0	11971	5341
900	479.734	0	1466.04	0.164745	0	0	-0	0	-0.110812	0	-145.799	0	0.0110812	0.0299694	0	11570	5731
900	477.297	0	-1732.61	0.164745	0	0	0	0	-0.099106	0	109.615	0	0.0099106	0.0300972	-0	11171	6117
900	477.299	0	-329.61	0.164745	0	0	0	0	-0.0671792	0	-44.6974	0	0.00671792	0.0301458	0	10774	6503
900	471.209	0	-94.978	0.164745	0	0	0	0	-0.0873995	0	-36.1837	0	0.00873995	0.0301932	0	10385	6887
900	469.994	0	987.201	0.164745	0	0	-0	0	-0.348135	0	-122.386	0	0.0348135	0.0303184	0	9996	7272
900	465.122	0	484.419	0.164745	0	0	-0	0	-0.385383	0	-50.0185	0	0.0385383	0.0305918	0	9609	7652
900	466.339	0	-750.989	0.164745	0	0	0	0	-0.40241	0	24.4772	0	0.040241	0.0309167	-0	9223	8034
900	468.773	0	-18.3635	0.164745	0	0	0	0	-0.368355	0	30.8625	0	0.0368355	0.0312374	-0	8839	8415
900	466.341	0	2229.79	0.164745	0	0	-0	0	0.0881977	0	220.295	0	-0.00881977	0.0314376	-0	8455	8802
900	467.558	0	-916.189	0.164745	0	0	0	0	0.0722343	0	-41.5048	0	-0.00722343	0.0313568	0	8072	9189
900	468.777	0	-358.34	0.164745	0	0	0	0	0.182914	0	55.3397	0	-0.0182914	0.0312769	-0	7689	9578
900	471.21	0	604.129	0.164745	0	0	-0	0	0.0764912	0	-87.2665	0	-0.00764912	0.0311382	0	7306	9966
900	474.863	0	-1495.59	0.164745	0	0	0	0	-0.277896	0	-171.34	0	0.0277896	0.0311502	0	6920	10357
900	472.427	0	1331.97	0.164745	0	0	-0	0	-0.425823	0	-78.7526	0	0.0425823	0.0314002	0	6533	10745
900	471.207	0	1217.04	0.164745	0	0	-0	0	-0.603549	0	-100.037	0	0.0603549	0.031772	0	6143	11135
900	474.865	0	1099.73	0.164745	0	0	-0	0	-0.67698	0	-42.569	0	0.067698	0.0322671	0	5749	11526
900	482.166	0	369.497	0.164745	0	0	-0	0	-0.742962	0	-12.7708	0	0.0742962	0.03283	0	5350	11917
900	484.6	0	867.491	0.164745	0	0	-0	0	-0.721678	0	20.2202	0	0.0721678	0.033424	-0	4951	12311
900	490.688	0	2610.47	0.164745	0	0	-0	0	-0.232134	0	312.882	0	0.0232134	0.0339306	-0	4545	12711
900	491.913	0	177.961	0.164745	0	0	-0	0	-0.212978	0	-51.0828	0	0.0212978	0.0340883	0	4141	13115
900	497.997	0	-190.746	0.164745	0	0	0	0	-0.42263	0	-79.8169	0	0.042263	0.0343106	0	3730	13521
900	500.431	0	-281.726	0.164745	0	0	0	0	-0.116134	0	152.184	0	0.0116134	0.0345869	-0	3319	13930
900	501.648	0	1097.33	0.164745	0	0	-0	0	0.0339222	0	147.927	0	-0.00339222	0.034679	-0	2907	14345
900	506.519	0	-35.1229	0.164745	0	0	0	0	0.355318	0	107.487	0	-0.0355318	0.0345663	-0	2491	14765
900	510.174	0	1030.3	0.164745	0	0	-0	0	0.265923	0	-79.8169	0	-0.0265923	0.0342859	0	2073	15188
900	515.045	0	984.807	0.164745	0	0	-0	0	-0.0735646	0	-222.423	0	0.00735646	0.03412	0	1649	15614
900	519.913	0	470.054	0.164745	0	0	-0	0	-0.974963	0	-354.387	0	0.0974963	0.0343976	0	1221	16042
900	526.001	0	565.822	0.164745	0	0	-0	0	-0.990927	0	-15.9634	0	0.0990927	0.0347876	0	1004	16257
900	528.439	0	-1241.8	0.164745	0	0	0	0	-0.953679	0	-24.4772	0	0.0953679	0.0355557	0	569	300
900	528.431	0	-85.4012	0.164745	0	0	0	0	-0.916431	0	61.725	0	0.0916431	0.0363284	-0	133	729
900	526.005	0	1331.97	0.164745	0	0	-0	0	-0.373676	0	310.754	0	0.0373676	0.0369687	-0	16078	1162
900	529.652	0	-1806.83	0.164745	0	0	0	0	0.0051881	0	192.625	0	-0.00051881	0.0371932	-0	15639	1593
900	523.563	0	-1519.53	0.164745	0	0	0	0	0.310621	0	152.184	0	-0.0310621	0.0371277	-0	15203	2022
900	521.13	0	-209.9	0.164745	0	0	0	0	0.410658	0	-23.4129	0	-0.0410658	0.0368299	0	14769	2448
900	517.475	0	-432.56	0.164745	0	0	0	0	0.264859	0	-80.8811	0	-0.0264859	0.0365273	0	14337	2870
900	515.049	0	1659.97	0.164745	0	0	-0	0	-0.268318	0	-220.295	0	0.0268318	0.0364406	0	13900	3287
900	504.086	0	163.596	0.164745	0	0	-0	0	-0.559916	0	-60.6609	0	0.0559916	0.0367476	0	13468	3698
900	502.869	0	-1244.19	0.164745	0	0	0	0	-0.431144	0	47.8901	0	0.0431144	0.0371632	-0	13041	4106
900	502.865	0	-1323.2	0.164745	0	0	0	0	-0.491805	0	-26.6057	0	0.0491805	0.0375217	0	12616	4505
900	495.563	0	-932.949	0.164745	0	0	0	0	-0.451365	0	31.9268	0	0.0451365	0.0379118	-0	12200	4900
900	488.258	0	-23.1519	0.164745	0	0	0	0	-0.568429	0	-78.7527	0	0.0568429	0.0382882	0	11791	5294
900	487.041	0	1197.89	0.164745	0	0	-0	0	-0.132097	0	328.846	0	0.0132097	0.0386999	-0	11384	5688
900	478.516	0	1075.79	0.164745	0	0	-0	0	0.183978	0	8.51379	0	-0.0183978	0.0386826	-0	10984	6076
900	478.516	0	-159.621	0.164745	0	0	0	0	0.12651	0	73.4315	0	-0.012651	0.0385877	-0	10585	6468
900	478.512	0	-478.05	0.164745	0	0	0	0	0.261666	0	-9.57805	0	-0.0261666	0.0384286	0	10193	6858
900	474.861	0	-324.821	0.164745	0	0	0	0	0.255281	0	22.3487	0	-0.0255281	0.0382308	-0	9804	7250
900	477.299	0	503.572	0.164745	0	0	-0	0	0.0967115	0	-130.9	0	-0.00967115	0.0380377	0	9414	7641
900	472.427	0	1212.26	0.164745	0	0	-0	0	-0.164024	0	-61.7251	0	0.0164024	0.0380399	0	9026	8030
900	467.552	0	-873.094	0.164745	0	0	0	0	-0.186372	0	-51.0828	0	0.0186372	0.0381596	0	8639	8418
900	474.869	0	-899.43	0.164745	0	0	0	0	-0.512025	0	-138.349	0	0.0512025	0.0383836	0	8248	8807
900	477.299	0	1032.69	0.164745	0	0	-0	0	-0.543952	0	75.56	0	0.0543952	0.0388362	-0	7855	9193
900	474.861	0	482.025	0.164745	0	0	-0	0	-0.165088	0	147.927	0	0.0165088	0.039179	-0	7467	9585
900	484.6	0	2895.38	0.164745	0	0	-0	0	0.176528	0	254.35	0	-0.0176528	0.0392762	-0	7071	9980
900	479.732	0	-2532.28	0.164745	0	0	0	0	0.34574	0	-29.7983	0	-0.034574	0.0390554	0	6680	10379
900	484.604	0	814.819	0.164745	0	0	-0	0	0.227611	0	-58.5324	0	-0.0227611	0.0388026	0	6284	10780
900	489.479	0	-130.891	0.164745	0	0	0	0	-0.0458947	0	-186.239	0	0.00458947	0.0386554	0	5887	11181
900	491.905	0	1700.67	0.164745	0	0	-0	0	-0.738705	0	-257.542	0	0.0738705	0.0388663	0	5484	11582
900	493.122	0	738.204	0.164745	0	0	-0	0	-0.550337	0	57.4682	0	0.0550337	0.0394049	-0	5081	11985
900	502.869	0	12.7611	0.164745	0	0	-0	0	-0.600356	0	7.44951	0	0.0600356	0.0398681	-0	4669	12390
900	502.869	0	1178.74	0.164745	0	0	-0	0	-0.678044	0	-58.5324	0	0.0678044	0.0403561	0	4258	12793
900	507.736	0	1851.51	0.164745	0	0	-0	0	-0.421566	0	162.826	0	0.0421566	0.040861	-0	3842	13208
900	512.611	0	1585.75	0.164745	0	0	-0	0	0.061592	0	271.377	0	-0.0061592	0.0411136	-0	3422	13625
900	513.828	0	-633.673	0.164745	0	0	0	0	0.674586	0	317.139	0	-0.0674586	0.040946	-0	3005	14049
900	517.479	0	-810.844	0.164745	0	0	0	0	0.649044	0	-60.6608	0	-0.0649044	0.0403922	0	2583	14478
900	521.13	0	901.01	0.164745	0	0	-0	0	0.459612	0	-78.7526	0	-0.0459612	0.0399173	0	2159	14913
900	534.527	0	1274.51	0.164745	0	0	-0	0	-0.122519	0	-454.424	0	0.0122519	0.0396007	0	1724	15347
900	529.659	0	-394.253	0.164745	0	0	0	0	-0.734448	0	-122.386	0	0.0734448	0.0398945	0	1289	15783
900	538.177	0	-1409.39	0.164745	0	0	0	0	-0.944101	0	-88.3307	0	0.0944101	0.0405306	0	847	16220
900	535.74	0	-305.668	0.164745	0	0	0	0	-0.779146	0	104.294	0	0.0779146	0.0412616	-0	406	274
900	541.832	0	1291.26	0.164745	0	0	-0	0	-0.576943	0	141.542	0	0.0576943	0.0418607	-0	16343	718
900	536.961	0	769.329	0.164745	0	0	-0	0	-0.208721	0	172.404	0	0.0208721	0.0422439	-0	15896	1163
900	544.266	0	-260.178	0.164745	0	0	0	0	-0.0033257	0	28.7341	0	0.00033257	0.0423402	-0	15447	1607
900	535.744	0	-339.187	0.164745	0	0	0	0	0.137152	0	145.799	0	-0.0137152	0.042345	-0	15003	2047
900	533.306	0	-1241.8	0.164745	0	0	0	0	0.218033	0	-52.147	0	-0.0218033	0.0421821	0	14558	2482
900	533.306	0	-911.401	0.164745	0	0	0	0	0.113739	0	-19.156	0	-0.0113739	0.0420417	0	14116	2915
900	530.872	0	-822.815	0.164745	0	0	0	0	0.143537	0	14.8991	0	-0.0143537	0.0419447	-0	13678	3343
900	518.696	0	55.8567	0.164745	0	0	-0	0	-0.123583	0	-195.817	0	0.0123583	0.0418584	0	13248	3761
900	508.957	0	-595.366	0.164745	0	0	0	0	-0.470521	0	-77.6884	0	0.0470521	0.042065	0	12819	4174
900	505.302	0	-1045.48	0.164745	0	0	0	0	-0.789788	0	-178.79	0	0.0789788	0.0424976	0	12395	4581
900	501.656	0	-813.239	0.164745	0	0	0	0	-0.595035	0	158.57	0	0.0595035	0.043115	-0	11972	4984
900	501.648	0	4413.3	0.164745	0	0	-0	0	-0.481163	0	78.7527	0	0.0481163	0.0435769	-0	11558	5390
900	495.56	0	161.202	0.164745	0	0	-0	0	0.142473	0	367.158	0	-0.0142473	0.0438593	-0	11147	5793
900	496.78	0	-1292.08	0.164745	0	0	0	0	0.461741	0	27.6698	0	-0.0461741	0.0436287	-0	10737	6197
900	493.134	0	-434.955	0.164745	0	0	0	0	0.331905	0	-15.9634	0	-0.0331905	0.0433048	0	10336	6603
900	490.692	0	-444.531	0.164745	0	0	0	0	0.332969	0	-4.25684	0	-0.033297	0.0430372	0	9934	7005
900	491.913	0	113.318	0.164745	0	0	-0	0	0.0732985	0	-203.267	0	-0.00732985	0.0427934	0	9535	7410
900	484.604	0	295.277	0.164745	0	0	-0	0	-0.342814	0	-210.717	0	0.0342814	0.0428169	0	9136	7808
900	487.038	0	-2323.98	0.164745	0	0	0	0	-0.519475	0	-84.0738	0	0.0519475	0.0431282	0	8736	8205
900	482.17	0	400.622	0.164745	0	0	-0	0	-0.57375	0	21.2845	0	0.057375	0.043574	-0	8339	8601
900	482.162	0	-370.311	0.164745	0	0	0	0	-0.331107	0	101.101	0	0.0331107	0.0439764	-0	7942	8997
900	484.596	0	898.616	0.164745	0	0	-0	0	0.0807481	0	344.809	0	-0.00807481	0.0442144	-0	7545	9395
900	480.949	0	1662.37	0.164745	0	0	-0	0	0.418107	0	43.6332	0	-0.0418107	0.0440323	-0	7148	9795
900	487.038	0	982.413	0.164745	0	0	-0	0	0.442585	0	5.32108	0	-0.0442585	0.0436902	-0	6750	10200
900	493.126	0	230.633	0.164745	0	0	-0	0	0.336162	0	-55.3398	0	-0.0336162	0.0433565	0	6350	10606
900	495.56	0	2641.59	0.164745	0	0	-0	0	-0.0799499	0	-320.332	0	0.00799499	0.0431259	0	5946	11013
900	493.126	0	-2730.99	0.164745	0	0	0	0	-0.58865	0	-86.2023	0	0.058865	0.0433589	0	5539	11423
900	499.214	0	539.485	0.164745	0	0	-0	0	-0.817458	0	-40.4406	0	0.0817458	0.0439052	0	5129	11830
900	505.302	0	223.451	0.164745	0	0	-0	0	-0.73232	0	-14.8991	0	0.073232	0.0445191	0	4711	12239
900	512.611	0	1987.98	0.164745	0	0	-0	0	-0.486484	0	185.175	0	0.0486484	0.0450807	-0	4292	12656
900	517.471	0	4032.63	0.164745	0	0	-0	0	-0.236391	0	89.3949	0	0.0236391	0.0454056	-0	3870	13079
900	523.567	0	1054.24	0.164745	0	0	-0	0	0.0924546	0	222.423	0	-0.00924546	0.0455521	-0	3443	13507
900	529.655	0	177.961	0.164745	0	0	-0	0	0.272309	0	79.8169	0	-0.0272309	0.0454382	-0	3010	13938
900	532.089	0	-1806.83	0.164745	0	0	0	0	0.502181	0	146.863	0	-0.0502181	0.0451871	-0	2581	14378
900	536.964	0	-166.804	0.164745	0	0	0	0	0.464933	0	-56.4039	0	-0.0464933	0.0447777	0	2146	14820
900	543.045	0	-1576.99	0.164745	0	0	0	0	0.192492	0	-179.854	0	-0.0192492	0.0444428	0	1703	15264
900	541.832	0	1099.73	0.164745	0	0	-0	0	-0.503512	0	-394.828	0	0.0503512	0.0444093	0	1259	15708
900	547.928	0	-932.949	0.164745	0	0	0	0	-0.922816	0	-228.808	0	0.0922816	0.0448883	0	807	16156
900	550.354	0	1403.79	0.164745	0	0	-0	0	-0.93133	0	91.5233	0	0.093133	0.0456665	-0	353	215
900	546.707	0	-2019.92	0.164745	0	0	0	0	-0.817458	0	85.138	0	0.0817458	0.0464001	-0	16287	661
900	552.788	0	-624.097	0.164745	0	0	0	0	0.274437	0	577.874	0	-0.0274437	0.0468485	-0	15837	1115
900	547.92	0	1528.29	0.164745	0	0	-0	0	0.798036	0	20.2203	0	-0.0798036	0.0464276	-0	15389	1561
900	539.398	0	-794.085	0.164745	0	0	0	0	0.551136	0	-85.138	0	-0.0551136	0.0458538	0	14944	2010
900	541.832	0	-449.32	0.164745	0	0	0	0	0.424493	0	-171.34	0	-0.0424493	0.0453951	0	14496	2455
900	538.177	0	570.61	0.164745	0	0	-0	0	-0.438594	0	-424.626	0	0.0438594	0.0452309	0	14044	2892
900	535.744	0	-159.621	0.164745	0	0	0	0	-0.753604	0	-87.2664	0	0.0753604	0.0456728	0	13593	3321
900	526.001	0	-1608.11	0.164745	0	0	0	0	-0.908981	0	-17.0275	0	0.0908981	0.0463311	0	13153	3743
900	524.78	0	-200.323	0.164745	0	0	0	0	-0.751476	0	71.3031	0	0.0751476	0.0470238	-0	12712	4162
900	516.258	0	539.485	0.164745	0	0	-0	0	-0.241712	0	232.001	0	0.0241712	0.0475138	-0	12277	4579
900	518.7	0	34.3089	0.164745	0	0	-0	0	0.122253	0	297.983	0	-0.0122253	0.0476808	-0	11847	4994
900	505.302	0	-494.81	0.164745	0	0	0	0	0.700127	0	224.552	0	-0.0700127	0.0474417	-0	11432	5405
900	496.788	0	-801.268	0.164745	0	0	0	0	0.59264	0	-74.4958	0	-0.059264	0.0468948	0	11018	5818
900	501.648	0	-650.433	0.164745	0	0	0	0	0.563906	0	-63.8535	0	-0.0563906	0.0464066	0	10607	6229
900	502.869	0	3182.68	0.164745	0	0	-0	0	-0.10762	0	-410.791	0	0.010762	0.0460598	0	10194	6640
900	495.567	0	-1433.34	0.164745	0	0	0	0	-0.111877	0	58.5324	0	0.0111877	0.046171	-0	9788	7046
900	493.126	0	-1761.34	0.164745	0	0	0	0	-0.418374	0	-151.12	0	0.0418374	0.0463226	0	9383	7450
900	493.118	0	534.697	0.164745	0	0	-0	0	-0.540759	0	-147.927	0	0.0540759	0.0466471	0	8974	7851
900	494.347	0	163.596	0.164745	0	0	-0	0	-0.623769	0	89.3949	0	0.0623769	0.0471487	-0	8566	8252
900	490.692	0	367.103	0.164745	0	0	-0	0	-0.462007	0	86.2022	0	0.0462007	0.0476175	-0	8160	8654
900	491.913	0	75.0103	0.164745	0	0	-0	0	0.36596	0	367.158	0	-0.036596	0.0478028	-0	7757	9064
900	498.001	0	901.01	0.164745	0	0	-0	0	0.772494	0	85.138	0	-0.0772494	0.0473814	-0	7353	9473
900	501.64	0	412.593	0.164745	0	0	-0	0	0.689485	0	-28.734	0	-0.0689485	0.0467852	0	6952	9889
900	502.869	0	-643.25	0.164745	0	0	0	0	0.553264	0	-104.294	0	-0.0553264	0.0462463	0	6545	10301
900	502.869	0	1255.35	0.164745	0	0	-0	0	-0.386447	0	-471.452	0	0.0386447	0.045991	0	6138	10717
900	505.31	0	1875.45	0.164745	0	0	-0	0	-0.965385	0	-222.423	0	0.0965385	0.0464428	0	5722	11135
900	510.17	0	-523.54	0.164745	0	0	0	0	-0.893018	0	92.5875	0	0.0893018	0.0472232	-0	5303	11550
900	517.487	0	726.233	0.164745	0	0	-0	0	-0.772761	0	53.2112	0	0.0772761	0.0479108	-0	4877	11971
900	521.133	0	2289.65	0.164745	0	0	-0	0	-0.35452	0	202.203	0	0.035452	0.0484426	-0	4448	12395
900	518.692	0	-573.818	0.164745	0	0	0	0	0.381924	0	375.672	0	-0.0381924	0.0485819	-0	4023	12824
900	528.435	0	419.775	0.164745	0	0	-0	0	0.718219	0	65.9819	0	-0.0718219	0.0481682	-0	3590	13259
900	530.869	0	663.984	0.164745	0	0	-0	0	0.545815	0	-63.8535	0	-0.0545815	0.0476371	0	3162	13700
900	540.611	0	1592.93	0.164745	0	0	-0	0	0.451098	0	-89.3949	0	-0.0451098	0.0472025	0	2726	14141
900	541.832	0	2387.81	0.164745	0	0	-0	0	-0.0554727	0	-258.607	0	0.00554727	0.0469409	0	2288	14586
900	543.045	0	-1335.17	0.164745	0	0	0	0	-0.58865	0	-375.671	0	0.058865	0.0470482	0	1841	15025
900	545.486	0	1873.06	0.164745	0	0	-0	0	-0.967514	0	-1.06424	0	0.0967514	0.0476703	0	1396	15471
900	549.141	0	-238.63	0.164745	0	0	0	0	-0.641861	0	140.478	0	0.0641861	0.0483702	-0	942	15920
900	558.876	0	-487.627	0.164745	0	0	0	0	-0.5812	0	63.8534	0	0.05812	0.048885	-0	483	16375
900	563.751	0	424.564	0.164745	0	0	-0	0	-0.0299313	0	270.313	0	0.00299313	0.0492376	-0	19	448
900	560.097	0	-2685.5	0.164745	0	0	0	0	0.147794	0	131.964	0	-0.0147794	0.0492432	-0	15943	907
900	558.876	0	-130.891	0.164745	0	0	0	0	0.310621	0	31.9268	0	-0.0310621	0.0490726	-0	15482	1367
900	557.655	0	-851.546	0.164745	0	0	0	0	0.235061	0	-46.8259	0	-0.0235061	0.0488356	0	15021	1824
900	558.876	0	-1050.26	0.164745	0	0	0	0	0.183978	0	-12.7707	0	-0.0183978	0.0486629	0	14562	2277
900	554.001	0	1212.26	0.164745	0	0	-0	0	-0.0203533	0	-179.854	0	0.00203533	0.0485255	0	14104	2724
900	546.707	0	-650.433	0.164745	0	0	0	0	-0.287474	0	20.2202	0	0.0287474	0.0486567	-0	13651	3167
900	539.398	0	-406.224	0.164745	0	0	0	0	-0.692944	0	-210.717	0	0.0692944	0.0489646	0	13199	3602
900	527.214	0	-846.757	0.164745	0	0	0	0	-0.584393	0	63.8535	0	0.0584393	0.0495011	-0	12758	4031
900	524.78	0	-1282.5	0.164745	0	0	0	0	-0.475842	0	65.982	0	0.0475842	0.0499515	-0	12319	4455
900	515.045	0	2445.27	0.164745	0	0	-0	0	-0.0618581	0	319.268	0	0.00618581	0.0502943	-0	11890	4877
900	516.258	0	-296.091	0.164745	0	0	0	0	0.748017	0	285.212	0	-0.0748017	0.050134	-0	11462	5299
900	515.045	0	-947.314	0.164745	0	0	0	0	0.539429	0	-123.45	0	-0.0539429	0.0495696	0	11040	5721
900	512.611	0	41.4915	0.164745	0	0	-0	0	0.551136	0	-21.2845	0	-0.0551136	0.0491249	0	10623	6141
900	511.391	0	2519.49	0.164745	0	0	-0	0	0.105225	0	-262.864	0	-0.0105225	0.0487572	0	10206	6562
900	508.957	0	-2323.98	0.164745	0	0	0	0	-0.238519	0	-51.0828	0	0.0238519	0.04879	0	9788	6977
900	502.869	0	-1718.25	0.164745	0	0	0	0	-0.490741	0	-264.992	0	0.0490741	0.0489758	0	9377	7393
900	500.427	0	108.529	0.164745	0	0	-0	0	-0.413052	0	143.67	0	0.0413052	0.0493947	-0	8964	7804
900	499.214	0	29.5205	0.164745	0	0	-0	0	-0.340685	0	-1.06424	0	0.0340685	0.0496958	0	8552	8217
900	501.656	0	1789.26	0.164745	0	0	-0	0	-0.245969	0	78.7526	0	0.0245969	0.049962	-0	8141	8628
900	502.869	0	714.262	0.164745	0	0	-0	0	0.443649	0	300.111	0	-0.0443649	0.0500029	-0	7729	9044
900	505.302	0	553.851	0.164745	0	0	-0	0	0.530915	0	-26.6056	0	-0.0530915	0.0496025	0	7320	9461
900	504.082	0	134.865	0.164745	0	0	-0	0	0.489411	0	-12.7707	0	-0.0489411	0.0491892	0	6909	9882
900	510.17	0	-944.92	0.164745	0	0	0	0	0.378731	0	-63.8535	0	-0.0378731	0.0488164	0	6494	10303
900	512.611	0	-576.213	0.164745	0	0	0	0	-0.294923	0	-431.011	0	0.0294923	0.0486105	0	6075	10724
900	517.479	0	1659.97	0.164745	0	0	-0	0	-0.642925	0	-26.6057	0	0.0642925	0.048975	0	5651	11145
900	521.126	0	1724.62	0.164745	0	0	-0	0	-0.722742	0	-18.0918	0	0.0722742	0.049514	0	5222	11564
900	522.346	0	319.219	0.164745	0	0	-0	0	-0.680173	0	24.4772	0	0.0680173	0.050085	-0	4792	11985
900	527.222	0	2418.93	0.164745	0	0	-0	0	-0.490741	0	160.698	0	0.0490741	0.0506176	-0	4358	12413
900	528.442	0	781.3	0.164745	0	0	-0	0	0.0935188	0	373.543	0	-0.00935188	0.0509259	-0	3922	12849
900	530.876	0	-1229.83	0.164745	0	0	0	0	0.493667	0	122.386	0	-0.0493667	0.05074	-0	3484	13291
900	544.273	0	996.778	0.164745	0	0	-0	0	0.360639	0	-127.707	0	-0.0360639	0.0503472	0	3042	13735
900	546.707	0	-83.007	0.164745	0	0	0	0	0.352126	0	44.6975	0	-0.0352126	0.05008	-0	2598	14183
900	550.354	0	118.106	0.164745	0	0	-0	0	0.336162	0	-23.413	0	-0.0336162	0.0497953	0	2153	14639
900	563.751	0	-2108.5	0.164745	0	0	0	0	0.00838077	0	-250.093	0	-0.000838077	0.0495575	0	1694	15096
900	566.185	0	534.697	0.164745	0	0	-0	0	-0.40241	0	-135.157	0	0.040241	0.049661	0	1227	15553
900	561.31	0	-624.097	0.164745	0	0	0	0	-0.492869	0	-76.6242	0	0.0492869	0.0499885	0	767	16012
900	561.31	0	3577.73	0.164745	0	0	-0	0	-0.499255	0	28.7341	0	0.0499255	0.0503968	-0	301	88
900	568.619	0	-449.32	0.164745	0	0	0	0	-0.446043	0	6.38539	0	0.0446043	0.0507775	-0	16216	552
900	574.699	0	276.123	0.164745	0	0	-0	0	0.0264726	0	323.524	0	-0.00264726	0.0510747	-0	15747	1018
900	569.832	0	-92.5838	0.164745	0	0	0	0	0.443649	0	113.872	0	-0.0443649	0.0509322	-0	15278	1483
900	569.832	0	-1414.18	0.164745	0	0	0	0	0.226547	0	-123.45	0	-0.0226547	0.0506148	0	14809	1946
900	561.31	0	-2462.84	0.164745	0	0	0	0	0.145666	0	-56.4039	0	-0.0145666	0.0504433	0	14346	2403
899.94	558.876	-119.498	-968.862	0.162002	0	0	0	0	-0.294923	0	-163.891	0	0.0294923	0.0504375	0	13884	2855
899.461	546.7	-359.495	379.074	0.156429	0	0	-0	0	-0.585457	0	-97.9087	0	0.0585457	0.0507505	0	13427	3298
898.503	543.053	-599.492	-1399.82	0.150767	0	0	0	0	-0.414117	0	58.5324	0	0.0414117	0.0511737	-0	12972	3737
897.064	538.17	-839.489	-985.621	0.145018	0	0	0	0	-0.547145	0	-57.4682	0	0.0547145	0.0515352	0	12522	4169
895.145	533.31	-1079.49	1200.29	0.139181	0	0	-0	0	-0.240648	0	232.001	0	0.0240648	0.0519431	-0	12079	4600
892.746	522.339	-1319.48	139.654	0.133256	0	0	-0	0	0.0988399	0	167.083	0	-0.00988399	0.0520667	-0	11645	5026
889.867	518.7	-1559.48	-1011.96	0.127243	0	0	-0	0	0.136088	0	32.991	0	-0.0136088	0.0519859	-0	11215	5452
886.508	507.744	-1799.48	-3657.55	0.121142	0	0	0	0	0.447906	0	250.093	0	-0.0447906	0.0518524	-0	10794	5870
882.669	502.869	-2039.47	-480.444	0.114953	0	0	-0	0	0.659687	0	18.0919	0	-0.0659687	0.0514166	-0	10378	6288
878.35	489.479	-2279.47	-1940.91	0.108677	0	0	-0	0	0.542622	0	-71.3031	0	-0.0542622	0.0509071	0	9969	6696
873.551	485.825	-2519.47	1712.64	0.102312	0	0	-0	0	0.0392433	0	-268.185	0	-0.00392433	0.0505671	0	9564	7094
868.272	483.383	-2759.46	-983.227	0.0958602	0	0	-0	0	-0.200207	0	-25.5414	0	0.0200207	0.0506213	0	9161	7489
862.513	484.619	-2999.46	-1366.3	0.0893201	0	0	-0	0	-0.621641	0	-180.918	0	0.0621641	0.0508776	0	8759	7884
856.275	484.604	-3239.46	-396.647	0.0826922	0	0	-0	0	-0.507768	0	145.799	0	0.0507768	0.0513877	-0	8356	8274
849.556	480.942	-3479.45	-3171.53	0.0759764	0	0	-0	0	-0.104427	0	116.001	0	0.0104427	0.051679	-0	7961	8666
842.357	483.383	-3719.45	-1100.54	0.0691727	0	0	-0	0	0.0860692	0	64.9177	0	-0.00860692	0.0517123	-0	7565	9061
834.678	478.516	-3959.45	-882.67	0.0622812	0	0	-0	0	-0.141675	0	-131.964	0	0.0141675	0.0516818	0	7170	9451
826.519	479.721	-4199.45	-868.305	0.0553018	0	0	-0	0	-0.182116	0	83.0096	0	0.0182116	0.0518445	-0	6776	9842
817.881	479.736	-4439.44	264.152	0.0482345	0	0	-0	0	-0.12784	0	-37.2479	0	0.012784	0.0519536	0	6382	10231
808.762	479.736	-4679.44	-2728.6	0.0410794	0	0	-0	0	-0.297052	0	-47.8902	0	0.0297052	0.0521044	0	5988	10620
799.163	478.531	-4919.44	-1505.16	0.0338365	0	0	-0	0	-0.372612	0	-6.38533	0	0.0372612	0.0523697	0	5595	11011
789.084	479.736	-5159.43	-3504.32	0.0265056	0	0	-0	0	-0.407731	0	-18.0919	0	0.0407731	0.0526746	0	5201	11401
778.526	479.721	-5399.43	-2180.33	0.0190869	0	0	-0	0	-0.023546	0	187.304	0	0.0023546	0.052922	-0	4806	11788
767.487	477.31	-5639.43	-35.1229	0.0115804	0	0	-0	0	-0.244905	0	-208.588	0	0.0244905	0.052946	0	4413	12175
755.968	471.207	-5879.42	-226.659	0.00398594	0	0	-0	0	-0.27151	0	29.7983	0	0.027151	0.0531644	-0	4023	12559
744.029	474.853	-6000	-2304.83	-0.000955705	0	0	-0	0	0.0562709	0	190.496	0	-0.00562709	0.0533267	-0	3630	12942
732.029	471.222	-6000	-1857.11	-0.00315228	0	0	-0	0	-0.383254	0	-244.772	0	0.0383254	0.0533596	0	3241	13324
720.029	471.222	-6000	-3176.32	-0.00534884	0	0	-0	0	0.0818123	0	277.763	0	-0.00818123	0.0535913	-0	2854	13708
708.029	468.78	-6000	-1122.09	-0.00754541	0	0	-0	0	0.0658489	0	-95.7803	0	-0.00658489	0.0534939	0	2465	14089
696.03	467.56	-6000	-710.288	-0.00974197	0	0	-0	0	-0.227877	0	-121.322	0	0.0227877	0.0535102	0	2078	14474
684.03	471.207	-6000	-2810	-0.0119385	0	0	-0	0	-0.0033257	0	162.826	0	0.00033257	0.0536678	-0	1693	14856
672.03	459.045	-6000	-1648.81	-0.0141351	0	0	-0	0	0.0594636	0	-71.3031	0	-0.00594636	0.0536168	0	1317	15233
660.03	465.118	-6000	-6161.88	-0.0163317	0	0	0	0	0.00199542	0	100.037	0	-0.000199542	0.0536323	-0	939	15613
648.03	459.03	-6000	324.007	-0.0185282	0	0	-0	0	0.385117	0	105.358	0	-0.0385117	0.0535196	-0	564	15993
636.03	457.809	-6000	-2726.21	-0.0207248	0	0	-0	0	0.0381791	0	-209.652	0	-0.00381791	0.0532664	0	189	16370
624.031	452.942	-6000	-4382.99	-0.0229214	0	0	-0	0	-0.0607939	0	9.57803	0	0.00607939	0.0532793	-0	16205	360
612.031	452.942	-6000	-1260.95	-0.0251179	0	0	-0	0	0.286144	0	147.927	0	-0.0286144	0.0532483	-0	15836	730
600.031	443.207	-6000	-4320.74	-0.0273145	0	0	-0	0	0.104161	0	-78.7527	0	-0.0104161	0.0530607	0	15476	1096
588.031	433.456	-6000	-2915.35	-0.0295111	0	0	-0	0	0.356382	0	180.918	0	-0.0356382	0.0529488	-0	15123	1458
576.031	428.604	-6000	-794.085	-0.0317076	0	0	-0	0	0.495796	0	-22.3487	0	-0.0495796	0.052599	0	14772	1813
564.031	418.854	-6000	-2142.02	-0.0339042	0	0	-0	0	0.22229	0	-170.276	0	-0.022229	0.0522437	0	14431	2162
552.031	410.324	-6000	-2917.74	-0.0361008	0	0	-0	0	0.377667	0	211.781	0	-0.0377667	0.0520884	-0	14096	2504
540.032	400.589	-6000	-5249.69	-0.0382973	0	0	-0	0	0.613925	0	159.634	0	-0.0613925	0.0517556	-0	13769	2838
528.032	393.28	-6000	-4062.17	-0.0404939	0	0	-0	0	0.500053	0	-207.524	0	-0.0500053	0.051227	0	13447	3166
516.032	383.56	-6000	-3908.94	-0.0426905	0	0	-0	0	0.587319	0	264.992	0	-0.0587319	0.0508981	-0	13135	3485
504.032	370.132	-6000	-509.175	-0.044887	0	0	-0	0	0.694806	0	-170.276	0	-0.0694806	0.0503171	0	12829	3796
492.032	359.192	-6000	27.1263	-0.0470836	0	0	-0	0	0.326584	0	-73.4315	0	-0.0326584	0.0498792	0	12535	4097
480.032	349.457	-6000	-2628.04	-0.0492802	0	0	-0	0	0.507502	0	102.166	0	-0.0507502	0.0495864	-0	12248	4386
468.033	342.148	-6000	-6219.35	-0.0514767	0	0	0	0	0.467062	0	-17.0276	0	-0.0467062	0.0491898	0	11973	4666
456.033	334.839	-6000	-3674.31	-0.0536733	0	0	-0	0	0.77143	0	189.432	0	-0.077143	0.0487701	-0	11702	4942
444.033	327.53	-6000	-1670.36	-0.0558699	0	0	-0	0	0.352126	0	-212.845	0	-0.0352126	0.0482356	0	11438	5216
432.033	317.795	-6000	-4442.85	-0.0580665	0	0	-0	0	0.601154	0	176.661	0	-0.0601154	0.0479249	-0	11181	5483
420.033	310.486	-6000	-2288.07	-0.060263	0	0	-0	0	0.865082	0	46.8259	0	-0.0865082	0.0473572	-0	10930	5747
408.033	306.824	-6000	-602.549	-0.0624596	0	0	-0	0	0.650109	0	-137.285	0	-0.0650109	0.0466962	0	10683	6007
396.033	299.53	-6000	-3197.86	-0.0646562	0	0	-0	0	0.765045	0	177.726	0	-0.0765045	0.0462012	-0	10443	6262
384.034	297.089	-6000	-4380.6	-0.0668527	0	0	-0	0	0.673522	0	-141.542	0	-0.0673522	0.0455692	0	10206	6514
372.034	291.016	-6000	-2996.75	-0.0690493	0	0	-0	0	0.820385	0	22.3487	0	-0.0820385	0.0449805	-0	9976	6761
360.034	280.06	-6000	-3643.19	-0.0712459	0	0	-0	0	0.503245	0	-173.469	0	-0.0503245	0.0443817	0	9750	7000
348.034	277.588	-6000	-2362.29	-0.0734424	0	0	-0	0	0.403208	0	-4.2569	0	-0.0403208	0.0440174	0	9528	7239
336.034	270.309	-6000	-3121.25	-0.075639	0	0	-0	0	0.95022	0	235.194	0	-0.095022	0.0435701	-0	9314	7469
324.034	264.221	-6000	-2393.41	-0.0778356	0	0	-0	0	0.543686	0	-293.726	0	-0.0543686	0.0428551	0	9104	7697
312.035	260.559	-6000	-3877.82	-0.0800321	0	0	-0	0	0.457484	0	76.6242	0	-0.0457484	0.0424853	-0	8898	7919
300.035	253.25	-6000	-3537.84	-0.0822287	0	0	-0	0	0.556457	0	21.2845	0	-0.0556457	0.0420882	-0	8698	8137
288.035	247.177	-6000	-4375.81	-0.0844253	0	0	-0	0	0.625631	0	46.8259	0	-0.0625631	0.0416341	-0	8503	8351
276.035	242.31	-6000	-1665.57	-0.0866218	0	0	-0	0	0.693742	0	6.38533	0	-0.0693742	0.0411089	-0	8311	8562
264.035	235.001	-6000	-3679.1	-0.0888184	0	0	-0	0	0.726733	0	4.25684	0	-0.0726733	0.0405424	-0	8127	8766
252.035	232.559	-6000	-3035.06	-0.091015	0	0	-0	0	0.748017	0	10.6422	0	-0.0748017	0.0399568	-0	7946	8966
240.035	222.839	-6000	-2470.03	-0.0932115	0	0	-0	0	0.587319	0	-83.0096	0	-0.0587319	0.0393894	0	7771	9159
228.036	219.177	-6000	-5041.4	-0.0954081	0	0	-0	0	0.702256	0	68.1104	0	-0.0702256	0.0389008	-0	7600	9350
216.036	210.648	-6000	-2177.93	-0.0976047	0	0	-0	0	0.83422	0	84.0738	0	-0.083422	0.0383199	-0	7434	9536
204.036	207.001	-6000	-3856.27	-0.0998012	-0	0	-0	0	0.921486	0	9.57805	0	-0.0921486	0.0376214	-0	7272	9719
192.036	200.897	-6000	-1995.97	-0.101998	-0	0	-0	0	0.744825	0	-125.579	0	-0.0744825	0.0369047	0	7115	9894
180.036	196.03	-6000	-3602.48	-0.104194	-0	0	-0	0	0.73099	0	5.32108	0	-0.073099	0.0363165	-0	6962	10066
168.036	191.162	-6000	-3873.03	-0.106391	-0	0	-0	0	0.418107	0	-201.139	0	-0.0418107	0.0357764	0	6812	10232
156.037	187.515	-6000	-3430.1	-0.108587	-0	0	-0	0	0.575613	0	147.927	0	-0.0575613	0.0354381	-0	6666	10396
144.096	180.191	-5880.73	-3827.54	-0.108047	-0	0	-0	0	0.604347	0	-72.3672	0	-0.0604347	0.0349371	0	6526	10553
132.575	174.118	-5640.74	-3813.17	-0.10467	-0	0	-0	0	0.390438	0	-95.7803	0	-0.0390438	0.0345009	0	6391	10704
121.533	164.383	-5400.74	-3590.51	-0.101205	-0	0	-0	0	0.288272	0	-30.8625	0	-0.0288272	0.0342171	0	6260	10847
110.972	157.074	-5160.74	-3645.58	-0.0976526	-0	0	-0	0	0.235061	0	-35.1194	0	-0.0235061	0.0339937	0	6136	10984
100.891	153.427	-4920.75	-3964.01	-0.094012	-0	0	-0	0	0.459612	0	192.625	0	-0.0459612	0.0337929	-0	6017	11118
91.2892	143.677	-4680.75	-3916.12	-0.0902836	-0	0	-0	0	0.433007	0	-194.753	0	-0.0433007	0.0333579	0	5902	11241
82.1679	138.809	-4440.75	-3070.97	-0.0864674	-0	0	-0	0	-0.176794	0	-256.478	0	0.0176794	0.0331529	0	5791	11360
73.5265	131.5	-4200.76	-2805.21	-0.0825632	-0	0	-0	0	0.019023	0	184.111	0	-0.0019023	0.0332896	-0	5687	11474
65.3651	125.412	-3960.76	-3015.9	-0.0785713	-0	0	-0	0	0.322327	0	109.615	0	-0.0322327	0.0331969	-0	5589	11584
57.6836	119.339	-3720.76	-3219.41	-0.0744914	-0	0	-0	0	0.38086	0	34.0552	0	-0.038086	0.0329293	-0	5497	11688
50.4822	115.662	-3480.77	-2338.34	-0.0703237	-0	0	-0	0	0.181849	0	-142.606	0	-0.0181849	0.0326471	0	5406	11789
43.7607	108.353	-3240.77	-3348.7	-0.0660681	-0	0	0	0	0.454291	0	236.258	0	-0.0454291	0.0324872	-0	5322	11885
37.5193	104.691	-3000.77	-2486.79	-0.0617247	-0	0	-0	0	0.37341	0	-194.753	0	-0.037341	0.0320782	0	5239	11975
31.7578	99.8535	-2760.77	-1737.4	-0.0572934	-0	0	-0	0	-0.133161	0	-187.304	0	0.0133161	0.0319072	0	5160	12062
26.4763	96.1914	-2520.78	-1600.93	-0.0527743	-0	0	-0	0	0.0562709	0	151.12	0	-0.00562709	0.0319984	-0	5084	12145
21.6748	92.5445	-2280.78	-621.702	-0.0481672	-0	0	-0	0	0.175464	0	21.2845	0	-0.0175464	0.0319142	-0	5010	12225
17.3533	88.8824	-2040.78	-3626.43	-0.0434724	-0	0	0	0	0.452163	0	183.047	0	-0.0452163	0.0317364	-0	4941	12302
13.5118	86.4563	-1800.79	-1169.97	-0.0386896	-0	0	-0	0	0.464933	0	-79.8168	0	-0.0464933	0.0313376	0	4872	12376
10.1503	81.5735	-1560.79	139.654	-0.033819	-0	0	-0	0	0.240382	0	-118.129	0	-0.0240382	0.0310082	0	4807	12448
7.26873	79.1473	-1320.79	-1447.7	-0.0288606	-0	0	0	0	0.0871334	0	-38.3121	0	-0.00871334	0.0308619	0	4744	12517
4.86717	79.1473	-1080.8	-1169.97	-0.0238143	-0	0	0	0	0.0456287	0	-26.6056	0	-0.00456287	0.0307982	0	4681	12585
2.9456	77.9114	-840.799	-379.888	-0.0186801	-0	0	-0	0	0.0339222	0	20.2203	0	-0.00339222	0.0307744	-0	4620	12651
1.50401	74.2798	-600.802	-1213.07	-0.013458	-0	0	0	0	0.36596	0	168.148	0	-0.036596	0.0306817	-0	4561	12715
0.542419	73.0591	-360.805	-762.96	-0.00814812	-0	0	0	0	0.120124	0	-280.955	0	-0.0120124	0.0303749	0	4501	12776
0.0608112	71.8536	-120.808	-1067.02	-0.00275035	-0	0	0	0	-0.192758	0	-57.4682	0	0.0192758	0.030381	0	4444	12837
0	70.6177	0	-925.766	0	-0	0	0	0	0.113739	0	150.056	0	-0.0113739	0.0304726	-0	4387	12896
0	69.397	0	-181.169	0	-0	0	0	0	-0.110812	0	-166.019	0	0.0110812	0.030405	0	4330	12953
0	68.2068	0	-130.891	0	-0	0	0	0	-0.212978	0	-2.12845	0	0.0212978	0.0305337	0	4273	13010
0	68.1915	0	-97.3722	0	-0	0	0	0	-0.310887	0	-78.7527	0	0.0310887	0.0307117	0	4216	13065
0	66.9861	0	-1605.72	0	-0	0	0	0	-0.272575	0	116.001	0	0.0272575	0.0309915	-0	4159	13118
0	65.7501	0	-789.297	0	-0	0	0	0	-0.132097	0	-30.8625	0	0.0132097	0.031141	0	4102	13171
0	65.7501	0	-427.772	0	-0	0	0	0	-0.287474	0	-25.5414	0	0.0287474	0.0312987	0	4046	13223
0	65.7501	0	-693.528	0	-0	0	0	0	-0.0746288	0	102.166	0	0.00746288	0.0314844	-0	3990	13274
0	64.5447	0	-188.352	0	-0	0	0	0	-0.233198	0	-131.964	0	0.0233198	0.0315547	0	3934	13324
0	63.3087	0	-351.158	0	-0	0	0	0	-0.384318	0	-36.1837	0	0.0384318	0.0317872	0	3878	13373
0	60.8826	0	-2046.25	0	-0	0	0	0	-0.0671792	0	192.625	0	0.00671792	0.0320449	-0	3825	13422
0	60.8673	0	-1181.95	0	-0	0	0	0	-0.0873995	0	-134.092	0	0.00873995	0.0320531	0	3770	13469
0	60.8826	0	-482.839	0	-0	0	0	0	-0.508833	0	-168.148	0	0.0508833	0.0322243	0	3717	13515
0	59.6619	0	-640.856	0	-0	0	0	0	-0.316208	0	156.441	0	0.0316208	0.0326169	-0	3665	13562
0	59.6466	0	-102.161	0	-0	0	0	0	-0.15551	0	32.991	0	0.015551	0.0328188	-0	3613	13607
0	57.2205	0	-353.552	0	-0	0	0	0	-0.224685	0	-48.9544	0	0.0224685	0.0329513	0	3562	13651
0	57.2357	0	-1543.47	0	-0	0	0	0	-0.314079	0	-23.4129	0	0.0314079	0.0331574	0	3512	13694
0	54.7943	0	-487.627	0	-0	0	0	0	-0.222556	0	64.9178	0	0.0222556	0.0333981	-0	3463	13736
0	54.7943	0	-1064.63	0	-0	0	0	0	-0.139547	0	6.38534	0	0.0139547	0.0335455	-0	3415	13777
0	53.5583	0	-185.958	0	-0	0	0	0	-0.35452	0	-130.9	0	0.035452	0.0336907	0	3367	13817
0	51.1627	0	-554.665	0	-0	0	0	0	-0.568429	0	-93.6519	0	0.0568429	0.0340224	0	3320	13856
0	51.1322	0	-1256.17	0	-0	0	0	0	-0.547145	0	103.23	0	0.0547145	0.03451	-0	3274	13893
0	49.9115	0	-1248.98	0	-0	0	0	0	-0.151253	0	163.891	0	0.0151253	0.0348549	-0	3228	13930
0	48.6908	0	-49.4882	0	-0	0	0	0	-0.139547	0	-35.1194	0	0.0139547	0.0349572	0	3184	13967
0	47.4701	0	-741.412	0	-0	0	0	0	-0.19595	0	-21.2845	0	0.019595	0.0350828	0	3141	14002
0	47.5006	0	-492.415	0	-0	0	0	0	-0.225749	0	-17.0276	0	0.0225749	0.0352447	0	3099	14037
0	46.2646	0	-688.74	0	-0	0	0	0	-0.191694	0	41.5048	0	0.0191694	0.0354283	-0	3058	14071
0	45.0439	0	-949.708	0	-0	0	0	0	-0.149125	0	-4.2569	0	0.0149125	0.0355629	0	3019	14104
0	42.6178	0	-583.395	0	-0	0	0	0	-0.204464	0	-21.2845	0	0.0204464	0.0356958	0	2981	14136
0	41.3971	0	-638.462	0	-0	0	0	0	-0.169345	0	34.0552	0	0.0169345	0.035859	-0	2944	14168
0	41.3971	0	-487.627	0	-0	0	0	0	-0.0873995	0	40.4405	0	0.00873995	0.0359779	-0	2908	14199
0	38.9709	0	-786.902	0	-0	0	0	0	-0.0118395	0	42.569	0	0.00118395	0.0360346	-0	2874	14229
0	38.9557	0	-1047.87	0	-0	0	0	0	0.0254084	0	-9.57803	0	-0.00254084	0.0360253	0	2841	14259
0	37.7502	0	-643.25	0	-0	0	0	0	-0.0607939	0	-38.3121	0	0.00607939	0.0360241	0	2809	14288
0	35.3088	0	-786.902	0	-0	0	0	0	-0.0703719	0	0	0	0.00703719	0.0360766	0	2780	14316
0	34.0881	0	-549.876	0	-0	0	0	0	-0.12039	0	-29.7983	0	0.012039	0.036141	0	2750	14343
0	31.6467	0	-473.262	0	-0	0	0	0	-0.202336	0	-43.6333	0	0.0202336	0.0362526	0	2722	14368
0	31.6467	0	-784.508	0	-0	0	0	0	-0.356648	0	-73.4315	0	0.0356648	0.0364469	0	2694	14393
0	30.4413	0	-257.784	0	-0	0	0	0	-0.403474	0	-4.2569	0	0.0403474	0.0367492	0	2668	14416
0	28.0151	0	-698.317	0	-0	0	0	0	-0.302373	0	64.9177	0	0.0302373	0.0370575	-0	2641	14437
0	25.5585	0	-1033.51	0	-0	0	0	0	-0.198079	0	38.3121	0	0.0198079	0.037273	-0	2616	14457
0	26.7792	0	-619.308	0	-0	0	0	0	-0.172538	0	13.8349	0	0.0172538	0.0374268	-0	2591	14477
0	24.353	0	-650.433	0	-0	0	0	0	-0.149125	0	7.44957	0	0.0149125	0.0375584	-0	2568	14495
0	21.9116	0	-1004.77	0	-0	0	0	0	-0.0863353	0	50.0186	0	0.00863353	0.0376726	-0	2547	14512
0	23.1476	0	-1270.53	0	-0	0	0	0	-0.0437663	0	-9.57803	0	0.00437663	0.0377208	0	2526	14529
0	20.7062	0	-633.673	0	-0	0	0	0	-0.166152	0	-59.5966	0	0.0166152	0.037781	0	2507	14544
0	18.28	0	-1311.23	0	-0	0	0	0	-0.253419	0	-35.1194	0	0.0253419	0.0379348	0	2490	14557
0	15.8386	0	-825.21	0	-0	0	0	0	-0.293859	0	-21.2845	0	0.0293859	0.0381452	0	2474	14568
0	15.8234	0	-731.836	0	-0	0	0	0	-0.321529	0	-9.57805	0	0.0321529	0.0383875	0	2458	14578
0	13.382	0	-806.056	0	-0	0	0	0	-0.350263	0	-15.9634	0	0.0350263	0.0386498	0	2444	14586
